create table if not exists persistent_logins (
  username varchar_ignorecase(100) not null,
  series varchar(64) primary key,
  token varchar(64) not null,
  last_used timestamp not null
  );

--USERROLE

INSERT INTO UserRole (ID, VERSION, NAME, DESCRIPTION, ROLE_TYPE) VALUES (1,1, 'ADMIN','This is the administrator','ADMIN');
INSERT INTO UserRole  (ID, VERSION, NAME, DESCRIPTION, ROLE_TYPE) VALUES (2,1, 'SELLER','This is the Seller','SELLER');
INSERT INTO UserRole   (ID, VERSION, NAME, DESCRIPTION, ROLE_TYPE) VALUES (3,1, 'BUYER','This is the buyer','BUYER');

-- USER

INSERT INTO USER (ID,VERSION,DOB,FIRSTNAME,LASTNAME,PASSWORD,PHONE,USER_NUMBER,USER_STATUS,USERNAME,USER_ROLE_ID)
VALUES(122, 1,'1990-01-01', 'Elias', 'Elias', '$2a$10$kAsVIEI4C0xcEp2abBVM.uzrsfe94lWMAb2wy8pF9jB5031cJWwIy','641-819-0022','US5','APPROVED','erurangwa',2);

INSERT INTO USER (ID,VERSION,DOB,FIRSTNAME,LASTNAME,PASSWORD,PHONE,USER_NUMBER,USER_STATUS,USERNAME,USER_ROLE_ID)
VALUES(123, 1,'1995-01-01', 'Jirom', 'Jirom', '$2a$10$kAsVIEI4C0xcEp2abBVM.uzrsfe94lWMAb2wy8pF9jB5031cJWwIy','641-819-0042','US4','APPROVED','jirom',3);


INSERT INTO USER (ID,VERSION,DOB,FIRSTNAME,LASTNAME,PASSWORD,PHONE,USER_NUMBER,USER_STATUS,USERNAME,USER_ROLE_ID)
VALUES(124, 1,'1993-01-01', 'Erik', 'Erik', '$2a$10$kAsVIEI4C0xcEp2abBVM.uzrsfe94lWMAb2wy8pF9jB5031cJWwIy','641-819-0040','US3','APPROVED','erik',3);
INSERT INTO USER (ID,VERSION,DOB,FIRSTNAME,LASTNAME,PASSWORD,PHONE,USER_NUMBER,USER_STATUS,USERNAME,USER_ROLE_ID)
VALUES(126, 1,'1980-01-01', 'Moses', 'Wasswa', '$2a$10$kAsVIEI4C0xcEp2abBVM.uzrsfe94lWMAb2wy8pF9jB5031cJWwIy','641-819-0001','US2','APPROVED','moseswasswa',2);
INSERT INTO USER (ID,VERSION,DOB,FIRSTNAME,LASTNAME,PASSWORD,PHONE,USER_NUMBER,USER_STATUS,USERNAME,USER_ROLE_ID)
VALUES(127, 1,'1990-01-01', 'MosesTest', 'MosesTest', '$2a$10$kAsVIEI4C0xcEp2abBVM.uzrsfe94lWMAb2wy8pF9jB5031cJWwIy','641-819-0000','US1','APPROVED','moseswasswa',1);

-- PRODUCT_CATEGORY

INSERT INTO product_category (id,version, description, name, quantity_available, quantity_purchased, seller_id)
VALUES(371,1,'Electronic Devices phones', 'Phones',100,20,122);
INSERT INTO product_category (id,version, description, name, quantity_available, quantity_purchased, seller_id)
VALUES(372,1,'Electronic Devices laptops', 'Laptops',120,10,122);
INSERT INTO product_category (id,version, description, name, quantity_available, quantity_purchased, seller_id)
VALUES(373,1,'Shirts and Shorts', 'Clothing',80,20,122);
INSERT INTO product_category(id,version, description, name, quantity_available, quantity_purchased, seller_id)
VALUES(374,1,'Kitchen equipment', 'Kitchen Equipment',113,16,122);
INSERT INTO product_category(id,version, description, name, quantity_available, quantity_purchased, seller_id)
VALUES(375,1,'Furniture', 'Furniture',110,17,122);
INSERT INTO product_category(id,version, description, name, quantity_available, quantity_purchased, seller_id)
VALUES(376,1,'School and Office Stationery', 'Stationery',100,20,122);

--PRODUCT

INSERT INTO Product (ID, VERSION,DESCRIPTION,FILE,NAME,PRODUCT_NUMBER,PRODUCT_STATUS,SERIAL_NUMBER,UNIT_PRICE,PRODUCT_CATEGORY_ID,SELLER_ID)
VALUES (431,1, '3 piece suit one button business wedding suits','PR12020.jpg','Salvatore','PR12020','NEW','SN1',500,373,122);
INSERT INTO Product (ID, VERSION,DESCRIPTION,FILE,NAME,PRODUCT_NUMBER,PRODUCT_STATUS,SERIAL_NUMBER,UNIT_PRICE,PRODUCT_CATEGORY_ID,SELLER_ID)
VALUES (432,1, 'Samsung Galaxy Smartphone with both cameras','PR22020.jpg','Samsung G7','PR22020','AVAILABLE','SN2',200,376,122);
INSERT INTO Product (ID, VERSION,DESCRIPTION,FILE,NAME,PRODUCT_NUMBER,PRODUCT_STATUS,SERIAL_NUMBER,UNIT_PRICE,PRODUCT_CATEGORY_ID,SELLER_ID)
VALUES (433,1, 'Dell Laptop with webcam','PR32020.jpg','Dell Lattitude','PR32020','AVAILABLE','SN3',600,375,122);
INSERT INTO Product (ID, VERSION,DESCRIPTION,FILE,NAME,PRODUCT_NUMBER,PRODUCT_STATUS,SERIAL_NUMBER,UNIT_PRICE,PRODUCT_CATEGORY_ID,SELLER_ID)
VALUES (434,1, 'Shorts for gentlemen','PR42020.jpg','Office Suits','PR42020','NEW','SN4',800,374,122);
INSERT INTO Product (ID, VERSION,DESCRIPTION,FILE,NAME,PRODUCT_NUMBER,PRODUCT_STATUS,SERIAL_NUMBER,UNIT_PRICE,PRODUCT_CATEGORY_ID,SELLER_ID)
VALUES (435,1, 'Sneakers for running and jogging','PR52020.jpg','Addidas Fast Sneakers','PR52020','AVAILABLE','SN5',900,373,122);
INSERT INTO Product (ID, VERSION,DESCRIPTION,FILE,NAME,PRODUCT_NUMBER,PRODUCT_STATUS,SERIAL_NUMBER,UNIT_PRICE,PRODUCT_CATEGORY_ID,SELLER_ID)
VALUES (436,1, 'Refrigulators for multipurpose use','PR62020.jpg','Samsung LP001','PR62020','AVAILABLE','SN6',400,373,122);



--ADDRESS
INSERT INTO ADDRESS (ID, VERSION,ADDRESS_ROLE,CITY,STATE,STREET,ZIP_CODE,USER_ID)
VALUES (503,1,'SHIPPING','Ottumwa','IA','2024 W 10TH ST',53661,123);
INSERT INTO ADDRESS (ID, VERSION,ADDRESS_ROLE,CITY,STATE,STREET,ZIP_CODE,USER_ID)
VALUES (504,1,'SHIPPING','Oskalousa','IA','4021 N 1TH ST',61831,124);
INSERT INTO ADDRESS (ID, VERSION,ADDRESS_ROLE,CITY,STATE,STREET,ZIP_CODE,USER_ID)
VALUES (505,1,'BILLING','Iowa city','IA','2222 N 33TH ST',52373,122);


--orders

INSERT INTO Orders (ID, VERSION,COUPONS,ORDER_NUMBER,ORDER_STATUS,TOTAL_AMOUNT,BUYER_ID,SHIPPING_ADDRESS_ID)
VALUES (661,1, 1.00,'120','NEW',1000.00,123,503);
INSERT INTO Orders (ID, VERSION,COUPONS,ORDER_NUMBER,ORDER_STATUS,TOTAL_AMOUNT,BUYER_ID,SHIPPING_ADDRESS_ID)
VALUES (662,1, 1.00,'220','PAID',500.00,124,504);
INSERT INTO Orders (ID, VERSION,COUPONS,ORDER_NUMBER,ORDER_STATUS,TOTAL_AMOUNT,BUYER_ID,SHIPPING_ADDRESS_ID)
VALUES (663,1, 1.00,'122','NEW',10000.00,124,504);
INSERT INTO Orders (ID, VERSION,COUPONS,ORDER_NUMBER,ORDER_STATUS,TOTAL_AMOUNT,BUYER_ID,SHIPPING_ADDRESS_ID)
VALUES (664,1, 1.00,'230','PAID',100.00,124,504);


--ORDER_LINE

INSERT INTO ORDER_LINE (ID, VERSION,AMOUNT,DESCRIPTION,QUANTITY,ORDER_ID,PRODUCT_ID)
VALUES (711,1,1000.00,'Samsung Galaxy Smartphone with both cameras',3.00,661,432);
INSERT INTO ORDER_LINE (ID, VERSION,AMOUNT,DESCRIPTION,QUANTITY,ORDER_ID,PRODUCT_ID)
VALUES (712,2,2000.00,'Sneakers for running and jogging',1.00,662,435);
INSERT INTO ORDER_LINE (ID, VERSION,AMOUNT,DESCRIPTION,QUANTITY,ORDER_ID,PRODUCT_ID)
VALUES (714,1,100.00,'Refregilators for multipurpose use',1.00,664,436);

--ORDER_HISTORY
INSERT INTO ORDER_HISTORY (ID, VERSION,DESCRIPTION,HISTORY_DATE,ORDER_STATUS,ORDER_ID,USER_ID)
VALUES (841,1,'Samsung Galaxy ','2020-05-14','NEW',661,123);
INSERT INTO ORDER_HISTORY (ID, VERSION,DESCRIPTION,HISTORY_DATE,ORDER_STATUS,ORDER_ID,USER_ID)
VALUES (842,2,'Addidas Fast Sneakers ','2020-05-20','PAID',662,124);
INSERT INTO ORDER_HISTORY (ID, VERSION,DESCRIPTION,HISTORY_DATE,ORDER_STATUS,ORDER_ID,USER_ID)
VALUES (844,1,'Refrigulators for multipurpose use','2020-04-25','PAID',664,124);

--COUPON

INSERT INTO COUPON(ID, VERSION,COUPON_NUMBER,TOTAL_POINT,BUYER_ID)
VALUES (951,1,'CP12020',1,123);
INSERT INTO COUPON(ID, VERSION,COUPON_NUMBER,TOTAL_POINT,BUYER_ID)
VALUES (952,1,'CP22020',1,124);
INSERT INTO COUPON(ID, VERSION,COUPON_NUMBER,TOTAL_POINT,BUYER_ID)
VALUES (953,1,'CP32020',2,124);


--SEQUENCE

INSERT INTO SEQUENCE_NUMBER  (ID, VERSION,SEQUENCE,TYPE)
VALUES (1000,1,1000,'ORDER');
INSERT INTO SEQUENCE_NUMBER  (ID, VERSION,SEQUENCE,TYPE)
VALUES (1001,1,1000,'PAYMENT');
INSERT INTO SEQUENCE_NUMBER  (ID, VERSION,SEQUENCE,TYPE)
VALUES (1002,1,1000,'USER');
INSERT INTO SEQUENCE_NUMBER  (ID, VERSION,SEQUENCE,TYPE)
VALUES (1003,1,1000,'PRODUCT');
INSERT INTO SEQUENCE_NUMBER  (ID, VERSION,SEQUENCE,TYPE)
VALUES (1005,1,1000,'COUPON');

--FOLLOWING
INSERT INTO FOLLOWING  (ID, VERSION,DATE,FOLLOW,BUYER_ID,SELLER_ID)
VALUES (1501,1,'2020-05-20','TRUE',124,122);
INSERT INTO FOLLOWING  (ID, VERSION,DATE,FOLLOW,BUYER_ID,SELLER_ID)
VALUES (1502,1,'2020-06-21','TRUE',123,122);

--PAYMENT
INSERT INTO PAYMENT (ID, VERSION,PAID_AMOUNT,PAYMENT_NUMBER,ORDER_ID)
VALUES (2000,1,500.00,'PM12020',662);

INSERT INTO PAYMENT (ID, VERSION,PAID_AMOUNT,PAYMENT_NUMBER,ORDER_ID)
VALUES (2001,1,100.00,'PM42020',664);

--REVIEW

INSERT INTO REVIEW (ID, VERSION,DESCRIPTION,REVIEW_DATE,REVIEW_STATUS,BUYER_ID,PRODUCT_ID)
VALUES (2500,1,'I really like the sneakers,they are good quality','2020-05-15','New',124,435);
INSERT INTO REVIEW (ID, VERSION,DESCRIPTION,REVIEW_DATE,REVIEW_STATUS,BUYER_ID,PRODUCT_ID)
VALUES (2501,1,'really disappointed by the bad quality ','2020-05-13','New',124,436);



